"AA3-025X5/8X5/8X5""",do not highlight
AA6-063X3/4X3/4X12',AN426AD3-3
AA6-063X3/4X3/4X18,AN426AD3-3.5
AA6-125X1X1 1/4X5,AN426AD3-4
AA6-125X1X1X17,AN426AD3-4.5
AA6-125X3/4X3/4X17,AN426AD3-5
AA6-125X3/4X3/4X98.5,AN426AD3-6
AA6-187X2X2 1/2X5,AN426AD4-4
AB4-125X1 1/2X8,AN426AD4-5
AEX TIE DOWN X7.5,AN426AD4-6
AN257-P3X6',AN426AD4-7
AS3-016 VV CUT,AN426AD4-8
AS3-020 VV CUT,AN470AD3-4
"AS3-020X4""X5""",AN470AD4-10
AS3-025 VV CUT,AN470AD4-4
AS3-032 VV CUT,AN470AD4-5
AS3-032X4X5,AN470AD4-6
AS3-040 VV CUT,AN470AD4-7
AS3-063 VV CUT,AN470AD4-8
AS3-063X0.5X1.4375,AN470AD4-9
AS3-125 VV CUT,AN3-10A
AS3-125X1X13,AN3-11A
AT6-035X1 1/2X83,AN3-12A
BEARING DW4K2X,AN3-13A
BEARING MD3614M,AN3-4A
BEARING MD3616M,AN3-5A
BEARING MW-3M,AN3-6
BOLT HEX 1/4X28-8,AN3-6A
BUSHING SB625-7,AN310-3
BUSHING SB625-8,AN310-4
CT Q-43,AN315-3R
DWG 1 RV-10,AN316-6R
DWG 2 RV-10,AN316C7R
DWG OP-51,AN365-1032
E-1001A,AN365-428
E-1001B,AN365-632A
E-1002,AN4-11A
E-1007,AN4-13A
E-1008,AN4-14A
E-1015,AN4-4A
E-1017,AN4-5
E-1018,AN4-6
E-1019,AN4-7A
E-1020,AN507-6R6
E-1022,AN507C632R8
E-614,AN509-10R11
E-615PP,AN509-8R11
E-616PP,AN509-8R12
E-903,AN515-6R8
E-904,AN515-8R8
E-905,AN665-21R
E-910,MS20392-1C11
E-912,MS20392-2C11
E-913,MS21042-08
E-917,MS21042-3
E-918,MS21051-L08
E-919,MS21919WDG6
E-920,MS24665-132
E-921,MS24665-208
E-DRILL BUSHING,NAS1149F0332P
ES MSTS-8A,NAS1149F0363P
F-1006,NAS1149F0432P
F-1006A,NAS1149F0463P
F-1006B,NAS1149FN416P
F-1006C,NAS1149FN832P
F-1006D,F-1007-L
F-1006E,F-1007-R
F-1006F,F-1008-L
F-1007,F-1008-R
F-1008,F-1029-L
F-1009,F-1029-R
F-1010,F-1073-L
F-1010C,F-1073-R
F-1011,
F-1011B,
F-1011C,
F-1012,
F-1012A,
F-1012B,
F-1014,
F-1028,
F-1029,
F-1032,
F-1035,
F-1036,
F-1037,
F-1047,
F-1055,
F-1074,
F-1075,
F-1078,
F-1079,
F-1085,
F-1094A,
F-1095A,
F-1095B,
F-1095D,
F-1095E,
F-1095F,
F-1098,
F-635,
F-636,
F-824B,
"FOAM,PVC-750X2X5.25",
HS-1001,
HS-1002,
HS-1003,
HS-1004,
HS-1007,
HS-1008,
HS-1013,
HS-1014,
HS-1015,
HS-1016,
HS-904,
HS-905,
HS-906,
HS-910,
HS-911,
HS-912,
J-CHANNELX6',
J-CHANNELX8',
K1000-06,
K1000-08,
K1000-3,
K1000-4,
K1000-6,
K1100-06,
PS UHMW-125X1/2X2,
PS UHMW-125X1X2,
R-01007A-1,
R-01007B-1,
R-1001,
R-1002,
R-1003,
R-1004A,
R-1004B,
R-1005,
R-1006,
R-1009,
R-1010,
R-1011,
R-1012,
R-1014,
R-1015,
R-607PP,
R-608PP,
RIVET AD-41-ABS,
RIVET CCR-264SS-3-2,
RIVET CS4-4,
RIVET LP4-3,
RIVET MK-319-BS,
RIVET MSP-42,
"TRIM BUNDLE, EMP",
VA-101,
VA-137,
VA-140,
VA-146,
VS-01010-1,
VS-1001,
VS-1002,
VS-1003,
VS-1004,
VS-1005,
VS-1006,
VS-1007,
VS-1008,
VS-1009,
VS-1011,
VS-1012,
VS-1013,
VS-1014,
VS-1015,
VS-1016,
VS-1017,
WASHER 5702-475-48 Z3,
WASHER 5702-95-30,
WD-415-1,
WD-605-L-1 PC,
WD-605-R-1 PC,
